_id,controllerId,instrumentId,name,value,ts,mining,color,category,createdAt,updatedAt
660ecd3f14dbf334f5f80c1c,6602d6d8b9f866224ef72699,6602d8271667db018ca164dc,CO,4,1712246079,YUMPAG,#0bb97d,success,2024-04-04T15:54:39.382Z,2024-04-04T15:54:39.382Z
660ecd7d14dbf334f5f81567,6602d6d8b9f866224ef72699,6602d8271667db018ca164dc,CO,3,1712246141,YUMPAG,#0bb97d,success,2024-04-04T15:55:41.212Z,2024-04-04T15:55:41.212Z
660ecdbb14dbf334f5f81eea,6602d6d8b9f866224ef72699,6602d8271667db018ca164dc,CO,3,1712246203,YUMPAG,#0bb97d,success,2024-04-04T15:56:43.154Z,2024-04-04T15:56:43.154Z
660ecdf90f8cdffd6fd976c0,6602d6d8b9f866224ef72699,6602d8271667db018ca164dc,CO,3,1712246265,YUMPAG,#0bb97d,success,2024-04-04T15:57:45.107Z,2024-04-04T15:57:45.107Z
660ece37b56d70abd87283ae,6602d6d8b9f866224ef72699,6602d8271667db018ca164dc,CO,3,1712246327,YUMPAG,#0bb97d,success,2024-04-04T15:58:47.040Z,2024-04-04T15:58:47.040Z
660ece74bd74d9606ac229e3,6602d6d8b9f866224ef72699,6602d8271667db018ca164dc,CO,3,1712246388,YUMPAG,#0bb97d,success,2024-04-04T15:59:48.987Z,2024-04-04T15:59:48.987Z
660eceb2bd74d9606ac2337d,6602d6d8b9f866224ef72699,6602d8271667db018ca164dc,CO,3,1712246450,YUMPAG,#0bb97d,success,2024-04-04T16:00:50.943Z,2024-04-04T16:00:50.943Z
660ecef0bd74d9606ac23d87,6602d6d8b9f866224ef72699,6602d8271667db018ca164dc,CO,3,1712246512,YUMPAG,#0bb97d,success,2024-04-04T16:01:52.879Z,2024-04-04T16:01:52.879Z
660ecf2ebd74d9606ac2478a,6602d6d8b9f866224ef72699,6602d8271667db018ca164dc,CO,3,1712246574,YUMPAG,#0bb97d,success,2024-04-04T16:02:54.822Z,2024-04-04T16:02:54.822Z
660ecf6cbd74d9606ac250bf,6602d6d8b9f866224ef72699,6602d8271667db018ca164dc,CO,3,1712246636,YUMPAG,#0bb97d,success,2024-04-04T16:03:56.764Z,2024-04-04T16:03:56.764Z
660ecfaabd74d9606ac25a63,6602d6d8b9f866224ef72699,6602d8271667db018ca164dc,CO,3,1712246698,YUMPAG,#0bb97d,success,2024-04-04T16:04:58.719Z,2024-04-04T16:04:58.719Z
660ecfe8bd74d9606ac26475,6602d6d8b9f866224ef72699,6602d8271667db018ca164dc,CO,3,1712246760,YUMPAG,#0bb97d,success,2024-04-04T16:06:00.668Z,2024-04-04T16:06:00.668Z
660ed026bd74d9606ac26e1b,6602d6d8b9f866224ef72699,6602d8271667db018ca164dc,CO,3,1712246822,YUMPAG,#0bb97d,success,2024-04-04T16:07:02.606Z,2024-04-04T16:07:02.606Z
660ed064bd74d9606ac27832,6602d6d8b9f866224ef72699,6602d8271667db018ca164dc,CO,3,1712246884,YUMPAG,#0bb97d,success,2024-04-04T16:08:04.566Z,2024-04-04T16:08:04.566Z
660ed0a2bd74d9606ac28074,6602d6d8b9f866224ef72699,6602d8271667db018ca164dc,CO,3,1712246946,YUMPAG,#0bb97d,success,2024-04-04T16:09:06.499Z,2024-04-04T16:09:06.499Z
660ed0e0bd74d9606ac28855,6602d6d8b9f866224ef72699,6602d8271667db018ca164dc,CO,3,1712247008,YUMPAG,#0bb97d,success,2024-04-04T16:10:08.430Z,2024-04-04T16:10:08.430Z
660ed11ebd74d9606ac28ff3,6602d6d8b9f866224ef72699,6602d8271667db018ca164dc,CO,3,1712247070,YUMPAG,#0bb97d,success,2024-04-04T16:11:10.417Z,2024-04-04T16:11:10.417Z
660ed15cbd74d9606ac2974b,6602d6d8b9f866224ef72699,6602d8271667db018ca164dc,CO,3,1712247132,YUMPAG,#0bb97d,success,2024-04-04T16:12:12.351Z,2024-04-04T16:12:12.351Z
660ed19acc39031dbd9e5e9f,6602d6d8b9f866224ef72699,6602d8271667db018ca164dc,CO,3,1712247194,YUMPAG,#0bb97d,success,2024-04-04T16:13:14.305Z,2024-04-04T16:13:14.305Z
660ed1d8cc39031dbd9e668a,6602d6d8b9f866224ef72699,6602d8271667db018ca164dc,CO,2,1712247256,YUMPAG,#0bb97d,success,2024-04-04T16:14:16.250Z,2024-04-04T16:14:16.250Z
660ed2168a4ba73da1a52572,6602d6d8b9f866224ef72699,6602d8271667db018ca164dc,CO,3,1712247318,YUMPAG,#0bb97d,success,2024-04-04T16:15:18.191Z,2024-04-04T16:15:18.191Z
660ed25479955992f1c9ff7d,6602d6d8b9f866224ef72699,6602d8271667db018ca164dc,CO,3,1712247380,YUMPAG,#0bb97d,success,2024-04-04T16:16:20.159Z,2024-04-04T16:16:20.159Z
660ed29279955992f1ca075f,6602d6d8b9f866224ef72699,6602d8271667db018ca164dc,CO,3,1712247442,YUMPAG,#0bb97d,success,2024-04-04T16:17:22.109Z,2024-04-04T16:17:22.109Z
660ed2d0ac94614e8877c8b5,6602d6d8b9f866224ef72699,6602d8271667db018ca164dc,CO,3,1712247504,YUMPAG,#0bb97d,success,2024-04-04T16:18:24.073Z,2024-04-04T16:18:24.073Z
660ed3336d49b567c06c1465,6602d6d8b9f866224ef72699,6602d8271667db018ca164dc,CO,2,1712247603,YUMPAG,#0bb97d,success,2024-04-04T16:20:03.623Z,2024-04-04T16:20:03.623Z
660ed3716d49b567c06c1c83,6602d6d8b9f866224ef72699,6602d8271667db018ca164dc,CO,2,1712247665,YUMPAG,#0bb97d,success,2024-04-04T16:21:05.565Z,2024-04-04T16:21:05.565Z
660ed3af6d49b567c06c246f,6602d6d8b9f866224ef72699,6602d8271667db018ca164dc,CO,3,1712247727,YUMPAG,#0bb97d,success,2024-04-04T16:22:07.495Z,2024-04-04T16:22:07.495Z
660ed3f16d49b567c06c2c7f,6602d6d8b9f866224ef72699,6602d8271667db018ca164dc,CO,3,1712247793,YUMPAG,#0bb97d,success,2024-04-04T16:23:13.878Z,2024-04-04T16:23:13.878Z
660ed42f6d49b567c06c33dd,6602d6d8b9f866224ef72699,6602d8271667db018ca164dc,CO,3,1712247855,YUMPAG,#0bb97d,success,2024-04-04T16:24:15.800Z,2024-04-04T16:24:15.800Z
660ed46d6d49b567c06c3bcc,6602d6d8b9f866224ef72699,6602d8271667db018ca164dc,CO,3,1712247917,YUMPAG,#0bb97d,success,2024-04-04T16:25:17.778Z,2024-04-04T16:25:17.778Z
660ed4ab6d49b567c06c43b0,6602d6d8b9f866224ef72699,6602d8271667db018ca164dc,CO,3,1712247979,YUMPAG,#0bb97d,success,2024-04-04T16:26:19.697Z,2024-04-04T16:26:19.697Z
660ed4e96d49b567c06c4b0e,6602d6d8b9f866224ef72699,6602d8271667db018ca164dc,CO,3,1712248041,YUMPAG,#0bb97d,success,2024-04-04T16:27:21.668Z,2024-04-04T16:27:21.668Z
660ed5276d49b567c06c5286,6602d6d8b9f866224ef72699,6602d8271667db018ca164dc,CO,4,1712248103,YUMPAG,#0bb97d,success,2024-04-04T16:28:23.565Z,2024-04-04T16:28:23.565Z
660ed5656d49b567c06c5a9c,6602d6d8b9f866224ef72699,6602d8271667db018ca164dc,CO,4,1712248165,YUMPAG,#0bb97d,success,2024-04-04T16:29:25.521Z,2024-04-04T16:29:25.521Z
660ed5a39044d763190a0dc8,6602d6d8b9f866224ef72699,6602d8271667db018ca164dc,CO,4,1712248227,YUMPAG,#0bb97d,success,2024-04-04T16:30:27.464Z,2024-04-04T16:30:27.464Z
660ed5e19044d763190a172e,6602d6d8b9f866224ef72699,6602d8271667db018ca164dc,CO,3,1712248289,YUMPAG,#0bb97d,success,2024-04-04T16:31:29.418Z,2024-04-04T16:31:29.418Z
660ed61f9044d763190a211a,6602d6d8b9f866224ef72699,6602d8271667db018ca164dc,CO,4,1712248351,YUMPAG,#0bb97d,success,2024-04-04T16:32:31.371Z,2024-04-04T16:32:31.371Z
660ed65d9044d763190a2b29,6602d6d8b9f866224ef72699,6602d8271667db018ca164dc,CO,4,1712248413,YUMPAG,#0bb97d,success,2024-04-04T16:33:33.329Z,2024-04-04T16:33:33.329Z
660ed69b9044d763190a34d0,6602d6d8b9f866224ef72699,6602d8271667db018ca164dc,CO,3,1712248475,YUMPAG,#0bb97d,success,2024-04-04T16:34:35.252Z,2024-04-04T16:34:35.252Z
660ed6d99044d763190a3e0f,6602d6d8b9f866224ef72699,6602d8271667db018ca164dc,CO,3,1712248537,YUMPAG,#0bb97d,success,2024-04-04T16:35:37.241Z,2024-04-04T16:35:37.241Z
660ed7179044d763190a4819,6602d6d8b9f866224ef72699,6602d8271667db018ca164dc,CO,4,1712248599,YUMPAG,#0bb97d,success,2024-04-04T16:36:39.178Z,2024-04-04T16:36:39.178Z
660ed7559044d763190a5236,6602d6d8b9f866224ef72699,6602d8271667db018ca164dc,CO,3,1712248661,YUMPAG,#0bb97d,success,2024-04-04T16:37:41.140Z,2024-04-04T16:37:41.140Z
660ed7939044d763190a5b6b,6602d6d8b9f866224ef72699,6602d8271667db018ca164dc,CO,3,1712248723,YUMPAG,#0bb97d,success,2024-04-04T16:38:43.060Z,2024-04-04T16:38:43.060Z
660ed7d09044d763190a64f7,6602d6d8b9f866224ef72699,6602d8271667db018ca164dc,CO,3,1712248784,YUMPAG,#0bb97d,success,2024-04-04T16:39:44.983Z,2024-04-04T16:39:44.983Z
660ed80e9044d763190a6f0d,6602d6d8b9f866224ef72699,6602d8271667db018ca164dc,CO,3,1712248846,YUMPAG,#0bb97d,success,2024-04-04T16:40:46.944Z,2024-04-04T16:40:46.944Z
660ed84c9044d763190a791a,6602d6d8b9f866224ef72699,6602d8271667db018ca164dc,CO,3,1712248908,YUMPAG,#0bb97d,success,2024-04-04T16:41:48.899Z,2024-04-04T16:41:48.899Z
660ed88a9044d763190a8259,6602d6d8b9f866224ef72699,6602d8271667db018ca164dc,CO,4,1712248970,YUMPAG,#0bb97d,success,2024-04-04T16:42:50.835Z,2024-04-04T16:42:50.835Z
660ed8c89044d763190a8bcf,6602d6d8b9f866224ef72699,6602d8271667db018ca164dc,CO,4,1712249032,YUMPAG,#0bb97d,success,2024-04-04T16:43:52.789Z,2024-04-04T16:43:52.789Z
660ed9069044d763190a95d7,6602d6d8b9f866224ef72699,6602d8271667db018ca164dc,CO,4,1712249094,YUMPAG,#0bb97d,success,2024-04-04T16:44:54.721Z,2024-04-04T16:44:54.721Z
660ed9449044d763190a9fe3,6602d6d8b9f866224ef72699,6602d8271667db018ca164dc,CO,3,1712249156,YUMPAG,#0bb97d,success,2024-04-04T16:45:56.663Z,2024-04-04T16:45:56.663Z
660ed9829044d763190aa923,6602d6d8b9f866224ef72699,6602d8271667db018ca164dc,CO,4,1712249218,YUMPAG,#0bb97d,success,2024-04-04T16:46:58.632Z,2024-04-04T16:46:58.632Z
660ed9c09044d763190ab297,6602d6d8b9f866224ef72699,6602d8271667db018ca164dc,CO,4,1712249280,YUMPAG,#0bb97d,success,2024-04-04T16:48:00.592Z,2024-04-04T16:48:00.592Z
660ed9fe9044d763190abca7,6602d6d8b9f866224ef72699,6602d8271667db018ca164dc,CO,4,1712249342,YUMPAG,#0bb97d,success,2024-04-04T16:49:02.533Z,2024-04-04T16:49:02.533Z
660eda3c9044d763190ac6b7,6602d6d8b9f866224ef72699,6602d8271667db018ca164dc,CO,4,1712249404,YUMPAG,#0bb97d,success,2024-04-04T16:50:04.447Z,2024-04-04T16:50:04.447Z
660eda7a9044d763190acff7,6602d6d8b9f866224ef72699,6602d8271667db018ca164dc,CO,3,1712249466,YUMPAG,#0bb97d,success,2024-04-04T16:51:06.388Z,2024-04-04T16:51:06.388Z
660edab89044d763190ad9a1,6602d6d8b9f866224ef72699,6602d8271667db018ca164dc,CO,4,1712249528,YUMPAG,#0bb97d,success,2024-04-04T16:52:08.360Z,2024-04-04T16:52:08.360Z
660edaf69044d763190ae39c,6602d6d8b9f866224ef72699,6602d8271667db018ca164dc,CO,3,1712249590,YUMPAG,#0bb97d,success,2024-04-04T16:53:10.293Z,2024-04-04T16:53:10.293Z
660edb349044d763190aed76,6602d6d8b9f866224ef72699,6602d8271667db018ca164dc,CO,3,1712249652,YUMPAG,#0bb97d,success,2024-04-04T16:54:12.315Z,2024-04-04T16:54:12.315Z
660edb729044d763190af6af,6602d6d8b9f866224ef72699,6602d8271667db018ca164dc,CO,4,1712249714,YUMPAG,#0bb97d,success,2024-04-04T16:55:14.301Z,2024-04-04T16:55:14.301Z
660edbb09044d763190b008b,6602d6d8b9f866224ef72699,6602d8271667db018ca164dc,CO,3,1712249776,YUMPAG,#0bb97d,success,2024-04-04T16:56:16.186Z,2024-04-04T16:56:16.186Z
660edbee9044d763190b0a2b,6602d6d8b9f866224ef72699,6602d8271667db018ca164dc,CO,4,1712249838,YUMPAG,#0bb97d,success,2024-04-04T16:57:18.141Z,2024-04-04T16:57:18.141Z
660edc2c9044d763190b13d9,6602d6d8b9f866224ef72699,6602d8271667db018ca164dc,CO,4,1712249900,YUMPAG,#0bb97d,success,2024-04-04T16:58:20.034Z,2024-04-04T16:58:20.034Z
660edc699044d763190b1d67,6602d6d8b9f866224ef72699,6602d8271667db018ca164dc,CO,4,1712249961,YUMPAG,#0bb97d,success,2024-04-04T16:59:21.997Z,2024-04-04T16:59:21.997Z
660edca79044d763190b27a9,6602d6d8b9f866224ef72699,6602d8271667db018ca164dc,CO,5,1712250023,YUMPAG,#0bb97d,success,2024-04-04T17:00:23.936Z,2024-04-04T17:00:23.936Z
660edce59044d763190b31b3,6602d6d8b9f866224ef72699,6602d8271667db018ca164dc,CO,5,1712250085,YUMPAG,#0bb97d,success,2024-04-04T17:01:25.874Z,2024-04-04T17:01:25.874Z
660edd239044d763190b3af5,6602d6d8b9f866224ef72699,6602d8271667db018ca164dc,CO,6,1712250147,YUMPAG,#0bb97d,success,2024-04-04T17:02:27.805Z,2024-04-04T17:02:27.805Z
660edd619044d763190b4465,6602d6d8b9f866224ef72699,6602d8271667db018ca164dc,CO,5,1712250209,YUMPAG,#0bb97d,success,2024-04-04T17:03:29.782Z,2024-04-04T17:03:29.782Z
660edd9f9044d763190b4ed2,6602d6d8b9f866224ef72699,6602d8271667db018ca164dc,CO,4,1712250271,YUMPAG,#0bb97d,success,2024-04-04T17:04:31.729Z,2024-04-04T17:04:31.729Z
660edddd9044d763190b58f9,6602d6d8b9f866224ef72699,6602d8271667db018ca164dc,CO,4,1712250333,YUMPAG,#0bb97d,success,2024-04-04T17:05:33.674Z,2024-04-04T17:05:33.674Z
660ede1b9044d763190b6239,6602d6d8b9f866224ef72699,6602d8271667db018ca164dc,CO,4,1712250395,YUMPAG,#0bb97d,success,2024-04-04T17:06:35.620Z,2024-04-04T17:06:35.620Z
660ede599044d763190b6be1,6602d6d8b9f866224ef72699,6602d8271667db018ca164dc,CO,4,1712250457,YUMPAG,#0bb97d,success,2024-04-04T17:07:37.560Z,2024-04-04T17:07:37.560Z
660ede979b78e91da20f2021,6602d6d8b9f866224ef72699,6602d8271667db018ca164dc,CO,3,1712250519,YUMPAG,#0bb97d,success,2024-04-04T17:08:39.526Z,2024-04-04T17:08:39.526Z
660eded59b78e91da20f2a50,6602d6d8b9f866224ef72699,6602d8271667db018ca164dc,CO,4,1712250581,YUMPAG,#0bb97d,success,2024-04-04T17:09:41.441Z,2024-04-04T17:09:41.441Z
660edf139b78e91da20f3395,6602d6d8b9f866224ef72699,6602d8271667db018ca164dc,CO,3,1712250643,YUMPAG,#0bb97d,success,2024-04-04T17:10:43.371Z,2024-04-04T17:10:43.371Z
660edf515fae1356048d0ed2,6602d6d8b9f866224ef72699,6602d8271667db018ca164dc,CO,4,1712250705,YUMPAG,#0bb97d,success,2024-04-04T17:11:45.293Z,2024-04-04T17:11:45.293Z
660edf8f5fae1356048d18fb,6602d6d8b9f866224ef72699,6602d8271667db018ca164dc,CO,2,1712250767,YUMPAG,#0bb97d,success,2024-04-04T17:12:47.233Z,2024-04-04T17:12:47.233Z
660edfcd5fae1356048d229f,6602d6d8b9f866224ef72699,6602d8271667db018ca164dc,CO,3,1712250829,YUMPAG,#0bb97d,success,2024-04-04T17:13:49.178Z,2024-04-04T17:13:49.178Z
660ee00b5fae1356048d2be1,6602d6d8b9f866224ef72699,6602d8271667db018ca164dc,CO,3,1712250891,YUMPAG,#0bb97d,success,2024-04-04T17:14:51.125Z,2024-04-04T17:14:51.125Z
660ee0491580b506a80810b5,6602d6d8b9f866224ef72699,6602d8271667db018ca164dc,CO,3,1712250953,YUMPAG,#0bb97d,success,2024-04-04T17:15:53.089Z,2024-04-04T17:15:53.089Z
660ee087be18ca0d68c294dc,6602d6d8b9f866224ef72699,6602d8271667db018ca164dc,CO,3,1712251015,YUMPAG,#0bb97d,success,2024-04-04T17:16:55.021Z,2024-04-04T17:16:55.021Z
660ee0c4be18ca0d68c29ca2,6602d6d8b9f866224ef72699,6602d8271667db018ca164dc,CO,2,1712251076,YUMPAG,#0bb97d,success,2024-04-04T17:17:56.952Z,2024-04-04T17:17:56.952Z
660ee10292f6fa74d82dd740,6602d6d8b9f866224ef72699,6602d8271667db018ca164dc,CO,2,1712251138,YUMPAG,#0bb97d,success,2024-04-04T17:18:58.931Z,2024-04-04T17:18:58.931Z
660ee1401f031aab8f7b3d44,6602d6d8b9f866224ef72699,6602d8271667db018ca164dc,CO,2,1712251200,YUMPAG,#0bb97d,success,2024-04-04T17:20:00.863Z,2024-04-04T17:20:00.863Z
660ee17e1f031aab8f7b455c,6602d6d8b9f866224ef72699,6602d8271667db018ca164dc,CO,2,1712251262,YUMPAG,#0bb97d,success,2024-04-04T17:21:02.797Z,2024-04-04T17:21:02.797Z
660ee1bc1f031aab8f7b4d4e,6602d6d8b9f866224ef72699,6602d8271667db018ca164dc,CO,2,1712251324,YUMPAG,#0bb97d,success,2024-04-04T17:22:04.745Z,2024-04-04T17:22:04.745Z
660ee1faaa88cc848a6e106b,6602d6d8b9f866224ef72699,6602d8271667db018ca164dc,CO,2,1712251386,YUMPAG,#0bb97d,success,2024-04-04T17:23:06.708Z,2024-04-04T17:23:06.708Z
660ee238852c82238edc79fc,6602d6d8b9f866224ef72699,6602d8271667db018ca164dc,CO,2,1712251448,YUMPAG,#0bb97d,success,2024-04-04T17:24:08.660Z,2024-04-04T17:24:08.660Z
660ee276a452e985c3f5ca92,6602d6d8b9f866224ef72699,6602d8271667db018ca164dc,CO,2,1712251510,YUMPAG,#0bb97d,success,2024-04-04T17:25:10.603Z,2024-04-04T17:25:10.603Z
660ee2b433b9ac53912bb24c,6602d6d8b9f866224ef72699,6602d8271667db018ca164dc,CO,2,1712251572,YUMPAG,#0bb97d,success,2024-04-04T17:26:12.540Z,2024-04-04T17:26:12.540Z
660ee2f233b9ac53912bba50,6602d6d8b9f866224ef72699,6602d8271667db018ca164dc,CO,2,1712251634,YUMPAG,#0bb97d,success,2024-04-04T17:27:14.490Z,2024-04-04T17:27:14.490Z
660ee33033b9ac53912bc295,6602d6d8b9f866224ef72699,6602d8271667db018ca164dc,CO,2,1712251696,YUMPAG,#0bb97d,success,2024-04-04T17:28:16.433Z,2024-04-04T17:28:16.433Z
660ee36e33b9ac53912bcaa5,6602d6d8b9f866224ef72699,6602d8271667db018ca164dc,CO,1,1712251758,YUMPAG,#0bb97d,success,2024-04-04T17:29:18.476Z,2024-04-04T17:29:18.476Z
660ee3ae33b9ac53912bd316,6602d6d8b9f866224ef72699,6602d8271667db018ca164dc,CO,1,1712251822,YUMPAG,#0bb97d,success,2024-04-04T17:30:22.536Z,2024-04-04T17:30:22.536Z
660ee3ec33b9ac53912bdb63,6602d6d8b9f866224ef72699,6602d8271667db018ca164dc,CO,2,1712251884,YUMPAG,#0bb97d,success,2024-04-04T17:31:24.516Z,2024-04-04T17:31:24.516Z
660ee42a33b9ac53912be33f,6602d6d8b9f866224ef72699,6602d8271667db018ca164dc,CO,1,1712251946,YUMPAG,#0bb97d,success,2024-04-04T17:32:26.440Z,2024-04-04T17:32:26.440Z
660ee46c96a648ae28184b10,6602d6d8b9f866224ef72699,6602d8271667db018ca164dc,CO,1,1712252012,YUMPAG,#0bb97d,success,2024-04-04T17:33:32.789Z,2024-04-04T17:33:32.789Z
660ee4aa96a648ae281852f4,6602d6d8b9f866224ef72699,6602d8271667db018ca164dc,CO,1,1712252074,YUMPAG,#0bb97d,success,2024-04-04T17:34:34.734Z,2024-04-04T17:34:34.734Z
660ee4e896a648ae28185af6,6602d6d8b9f866224ef72699,6602d8271667db018ca164dc,CO,2,1712252136,YUMPAG,#0bb97d,success,2024-04-04T17:35:36.689Z,2024-04-04T17:35:36.689Z
660ee52696a648ae281862d9,6602d6d8b9f866224ef72699,6602d8271667db018ca164dc,CO,1,1712252198,YUMPAG,#0bb97d,success,2024-04-04T17:36:38.678Z,2024-04-04T17:36:38.678Z
660ee56496a648ae28186a4e,6602d6d8b9f866224ef72699,6602d8271667db018ca164dc,CO,0,1712252260,YUMPAG,#0bb97d,success,2024-04-04T17:37:40.576Z,2024-04-04T17:37:40.576Z
660ee5a296a648ae28187213,6602d6d8b9f866224ef72699,6602d8271667db018ca164dc,CO,1,1712252322,YUMPAG,#0bb97d,success,2024-04-04T17:38:42.523Z,2024-04-04T17:38:42.523Z
660ee5e096a648ae28187a44,6602d6d8b9f866224ef72699,6602d8271667db018ca164dc,CO,1,1712252384,YUMPAG,#0bb97d,success,2024-04-04T17:39:44.470Z,2024-04-04T17:39:44.470Z
660ee61e96a648ae281881ec,6602d6d8b9f866224ef72699,6602d8271667db018ca164dc,CO,1,1712252446,YUMPAG,#0bb97d,success,2024-04-04T17:40:46.415Z,2024-04-04T17:40:46.415Z
660ee65c96a648ae281889b5,6602d6d8b9f866224ef72699,6602d8271667db018ca164dc,CO,1,1712252508,YUMPAG,#0bb97d,success,2024-04-04T17:41:48.378Z,2024-04-04T17:41:48.378Z
660ee69a96a648ae28189189,6602d6d8b9f866224ef72699,6602d8271667db018ca164dc,CO,1,1712252570,YUMPAG,#0bb97d,success,2024-04-04T17:42:50.300Z,2024-04-04T17:42:50.300Z
660ee6d696a648ae2818993d,6602d6d8b9f866224ef72699,6602d8271667db018ca164dc,CO,0,1712252630,YUMPAG,#0bb97d,success,2024-04-04T17:43:50.361Z,2024-04-04T17:43:50.361Z
660ee71396a648ae2818a159,6602d6d8b9f866224ef72699,6602d8271667db018ca164dc,CO,0,1712252691,YUMPAG,#0bb97d,success,2024-04-04T17:44:51.980Z,2024-04-04T17:44:51.980Z
660ee75196a648ae2818a91b,6602d6d8b9f866224ef72699,6602d8271667db018ca164dc,CO,1,1712252753,YUMPAG,#0bb97d,success,2024-04-04T17:45:53.927Z,2024-04-04T17:45:53.927Z
660ee78f96a648ae2818b203,6602d6d8b9f866224ef72699,6602d8271667db018ca164dc,CO,1,1712252815,YUMPAG,#0bb97d,success,2024-04-04T17:46:55.877Z,2024-04-04T17:46:55.877Z
660ee7cd96a648ae2818ba1b,6602d6d8b9f866224ef72699,6602d8271667db018ca164dc,CO,0,1712252877,YUMPAG,#0bb97d,success,2024-04-04T17:47:57.838Z,2024-04-04T17:47:57.838Z
660ee80b96a648ae2818c213,6602d6d8b9f866224ef72699,6602d8271667db018ca164dc,CO,0,1712252939,YUMPAG,#0bb97d,success,2024-04-04T17:48:59.760Z,2024-04-04T17:48:59.760Z
660ee84996a648ae2818c98d,6602d6d8b9f866224ef72699,6602d8271667db018ca164dc,CO,0,1712253001,YUMPAG,#0bb97d,success,2024-04-04T17:50:01.703Z,2024-04-04T17:50:01.703Z
660ee88796a648ae2818d125,6602d6d8b9f866224ef72699,6602d8271667db018ca164dc,CO,0,1712253063,YUMPAG,#0bb97d,success,2024-04-04T17:51:03.648Z,2024-04-04T17:51:03.648Z
660ee8c596a648ae2818d924,6602d6d8b9f866224ef72699,6602d8271667db018ca164dc,CO,1,1712253125,YUMPAG,#0bb97d,success,2024-04-04T17:52:05.603Z,2024-04-04T17:52:05.603Z
660ee90396a648ae2818e0e0,6602d6d8b9f866224ef72699,6602d8271667db018ca164dc,CO,1,1712253187,YUMPAG,#0bb97d,success,2024-04-04T17:53:07.553Z,2024-04-04T17:53:07.553Z
660ee94196a648ae2818e845,6602d6d8b9f866224ef72699,6602d8271667db018ca164dc,CO,0,1712253249,YUMPAG,#0bb97d,success,2024-04-04T17:54:09.488Z,2024-04-04T17:54:09.488Z
660ee97f96a648ae2818f0b2,6602d6d8b9f866224ef72699,6602d8271667db018ca164dc,CO,0,1712253311,YUMPAG,#0bb97d,success,2024-04-04T17:55:11.430Z,2024-04-04T17:55:11.430Z
660ee9bd96a648ae2818f891,6602d6d8b9f866224ef72699,6602d8271667db018ca164dc,CO,1,1712253373,YUMPAG,#0bb97d,success,2024-04-04T17:56:13.374Z,2024-04-04T17:56:13.374Z
660ee9fb96a648ae281900ff,6602d6d8b9f866224ef72699,6602d8271667db018ca164dc,CO,0,1712253435,YUMPAG,#0bb97d,success,2024-04-04T17:57:15.189Z,2024-04-04T17:57:15.189Z
660eea3996a648ae28190861,6602d6d8b9f866224ef72699,6602d8271667db018ca164dc,CO,0,1712253497,YUMPAG,#0bb97d,success,2024-04-04T17:58:17.135Z,2024-04-04T17:58:17.135Z
660eea77d3f0dca700f30813,6602d6d8b9f866224ef72699,6602d8271667db018ca164dc,CO,0,1712253559,YUMPAG,#0bb97d,success,2024-04-04T17:59:19.076Z,2024-04-04T17:59:19.076Z
660eeab5d3f0dca700f30ff3,6602d6d8b9f866224ef72699,6602d8271667db018ca164dc,CO,0,1712253621,YUMPAG,#0bb97d,success,2024-04-04T18:00:21.036Z,2024-04-04T18:00:21.036Z
660eeaf2d3f0dca700f3177b,6602d6d8b9f866224ef72699,6602d8271667db018ca164dc,CO,0,1712253682,YUMPAG,#0bb97d,success,2024-04-04T18:01:22.969Z,2024-04-04T18:01:22.969Z
660eeb30d3f0dca700f31f0f,6602d6d8b9f866224ef72699,6602d8271667db018ca164dc,CO,0,1712253744,YUMPAG,#0bb97d,success,2024-04-04T18:02:24.959Z,2024-04-04T18:02:24.959Z
660eeb6ed3f0dca700f326cd,6602d6d8b9f866224ef72699,6602d8271667db018ca164dc,CO,1,1712253806,YUMPAG,#0bb97d,success,2024-04-04T18:03:26.855Z,2024-04-04T18:03:26.855Z
660eebacd3f0dca700f32ec5,6602d6d8b9f866224ef72699,6602d8271667db018ca164dc,CO,1,1712253868,YUMPAG,#0bb97d,success,2024-04-04T18:04:28.804Z,2024-04-04T18:04:28.804Z
660eebead3f0dca700f3363d,6602d6d8b9f866224ef72699,6602d8271667db018ca164dc,CO,1,1712253930,YUMPAG,#0bb97d,success,2024-04-04T18:05:30.750Z,2024-04-04T18:05:30.750Z
660eec28d3f0dca700f33dbe,6602d6d8b9f866224ef72699,6602d8271667db018ca164dc,CO,1,1712253992,YUMPAG,#0bb97d,success,2024-04-04T18:06:32.698Z,2024-04-04T18:06:32.698Z
660eec66d3f0dca700f3459d,6602d6d8b9f866224ef72699,6602d8271667db018ca164dc,CO,1,1712254054,YUMPAG,#0bb97d,success,2024-04-04T18:07:34.631Z,2024-04-04T18:07:34.631Z
660eeca4d3f0dca700f34d3b,6602d6d8b9f866224ef72699,6602d8271667db018ca164dc,CO,2,1712254116,YUMPAG,#0bb97d,success,2024-04-04T18:08:36.589Z,2024-04-04T18:08:36.589Z
660eece2d3f0dca700f3549b,6602d6d8b9f866224ef72699,6602d8271667db018ca164dc,CO,1,1712254178,YUMPAG,#0bb97d,success,2024-04-04T18:09:38.624Z,2024-04-04T18:09:38.624Z
660eed20d3f0dca700f35c59,6602d6d8b9f866224ef72699,6602d8271667db018ca164dc,CO,1,1712254240,YUMPAG,#0bb97d,success,2024-04-04T18:10:40.468Z,2024-04-04T18:10:40.468Z
660eed5ed3f0dca700f3643b,6602d6d8b9f866224ef72699,6602d8271667db018ca164dc,CO,1,1712254302,YUMPAG,#0bb97d,success,2024-04-04T18:11:42.462Z,2024-04-04T18:11:42.462Z
660eed9cd3f0dca700f36be1,6602d6d8b9f866224ef72699,6602d8271667db018ca164dc,CO,0,1712254364,YUMPAG,#0bb97d,success,2024-04-04T18:12:44.346Z,2024-04-04T18:12:44.346Z
660eeddad3f0dca700f3733d,6602d6d8b9f866224ef72699,6602d8271667db018ca164dc,CO,1,1712254426,YUMPAG,#0bb97d,success,2024-04-04T18:13:46.292Z,2024-04-04T18:13:46.292Z
660eee18d3f0dca700f37af4,6602d6d8b9f866224ef72699,6602d8271667db018ca164dc,CO,1,1712254488,YUMPAG,#0bb97d,success,2024-04-04T18:14:48.248Z,2024-04-04T18:14:48.248Z
660eee56d3f0dca700f382e3,6602d6d8b9f866224ef72699,6602d8271667db018ca164dc,CO,1,1712254550,YUMPAG,#0bb97d,success,2024-04-04T18:15:50.269Z,2024-04-04T18:15:50.269Z
660eee94d3f0dca700f38a76,6602d6d8b9f866224ef72699,6602d8271667db018ca164dc,CO,1,1712254612,YUMPAG,#0bb97d,success,2024-04-04T18:16:52.117Z,2024-04-04T18:16:52.117Z
660eeed2d3f0dca700f392c3,6602d6d8b9f866224ef72699,6602d8271667db018ca164dc,CO,0,1712254674,YUMPAG,#0bb97d,success,2024-04-04T18:17:54.045Z,2024-04-04T18:17:54.045Z
660eef10d3f0dca700f39ab4,6602d6d8b9f866224ef72699,6602d8271667db018ca164dc,CO,1,1712254736,YUMPAG,#0bb97d,success,2024-04-04T18:18:56.001Z,2024-04-04T18:18:56.001Z
660eef4dd3f0dca700f3a29a,6602d6d8b9f866224ef72699,6602d8271667db018ca164dc,CO,1,1712254797,YUMPAG,#0bb97d,success,2024-04-04T18:19:57.943Z,2024-04-04T18:19:57.943Z
660eef8bd3f0dca700f3aa36,6602d6d8b9f866224ef72699,6602d8271667db018ca164dc,CO,1,1712254859,YUMPAG,#0bb97d,success,2024-04-04T18:20:59.891Z,2024-04-04T18:20:59.891Z
660eefc9d3f0dca700f3b1a8,6602d6d8b9f866224ef72699,6602d8271667db018ca164dc,CO,1,1712254921,YUMPAG,#0bb97d,success,2024-04-04T18:22:01.833Z,2024-04-04T18:22:01.833Z
660ef007d3f0dca700f3b9b5,6602d6d8b9f866224ef72699,6602d8271667db018ca164dc,CO,1,1712254983,YUMPAG,#0bb97d,success,2024-04-04T18:23:03.756Z,2024-04-04T18:23:03.756Z
660ef045d3f0dca700f3c237,6602d6d8b9f866224ef72699,6602d8271667db018ca164dc,CO,1,1712255045,YUMPAG,#0bb97d,success,2024-04-04T18:24:05.718Z,2024-04-04T18:24:05.718Z
660ef083d3f0dca700f3ca86,6602d6d8b9f866224ef72699,6602d8271667db018ca164dc,CO,1,1712255107,YUMPAG,#0bb97d,success,2024-04-04T18:25:07.655Z,2024-04-04T18:25:07.655Z
660ef0c1d3f0dca700f3d254,6602d6d8b9f866224ef72699,6602d8271667db018ca164dc,CO,2,1712255169,YUMPAG,#0bb97d,success,2024-04-04T18:26:09.661Z,2024-04-04T18:26:09.661Z
660ef0ffd3f0dca700f3da74,6602d6d8b9f866224ef72699,6602d8271667db018ca164dc,CO,2,1712255231,YUMPAG,#0bb97d,success,2024-04-04T18:27:11.522Z,2024-04-04T18:27:11.522Z
660ef13dd3f0dca700f3e2d3,6602d6d8b9f866224ef72699,6602d8271667db018ca164dc,CO,2,1712255293,YUMPAG,#0bb97d,success,2024-04-04T18:28:13.577Z,2024-04-04T18:28:13.577Z
660ef17bd3f0dca700f3eab8,6602d6d8b9f866224ef72699,6602d8271667db018ca164dc,CO,5,1712255355,YUMPAG,#0bb97d,success,2024-04-04T18:29:15.531Z,2024-04-04T18:29:15.531Z
660ef1bbd3f0dca700f3f2bd,6602d6d8b9f866224ef72699,6602d8271667db018ca164dc,CO,4,1712255419,YUMPAG,#0bb97d,success,2024-04-04T18:30:19.667Z,2024-04-04T18:30:19.667Z
660ef1f9d3f0dca700f3faef,6602d6d8b9f866224ef72699,6602d8271667db018ca164dc,CO,3,1712255481,YUMPAG,#0bb97d,success,2024-04-04T18:31:21.601Z,2024-04-04T18:31:21.601Z
660ef237d3f0dca700f4032c,6602d6d8b9f866224ef72699,6602d8271667db018ca164dc,CO,3,1712255543,YUMPAG,#0bb97d,success,2024-04-04T18:32:23.552Z,2024-04-04T18:32:23.552Z
660ef279d3f0dca700f40bbc,6602d6d8b9f866224ef72699,6602d8271667db018ca164dc,CO,2,1712255609,YUMPAG,#0bb97d,success,2024-04-04T18:33:29.922Z,2024-04-04T18:33:29.922Z
660ef2b7d3f0dca700f413f2,6602d6d8b9f866224ef72699,6602d8271667db018ca164dc,CO,2,1712255671,YUMPAG,#0bb97d,success,2024-04-04T18:34:31.864Z,2024-04-04T18:34:31.864Z
660ef2f5d3f0dca700f41c24,6602d6d8b9f866224ef72699,6602d8271667db018ca164dc,CO,1,1712255733,YUMPAG,#0bb97d,success,2024-04-04T18:35:33.825Z,2024-04-04T18:35:33.825Z
660ef336d3f0dca700f4242f,6602d6d8b9f866224ef72699,6602d8271667db018ca164dc,CO,2,1712255798,YUMPAG,#0bb97d,success,2024-04-04T18:36:38.044Z,2024-04-04T18:36:38.044Z
660ef374d3f0dca700f42be4,6602d6d8b9f866224ef72699,6602d8271667db018ca164dc,CO,2,1712255860,YUMPAG,#0bb97d,success,2024-04-04T18:37:40.047Z,2024-04-04T18:37:40.047Z
660ef3b1d3f0dca700f43508,6602d6d8b9f866224ef72699,6602d8271667db018ca164dc,CO,2,1712255921,YUMPAG,#0bb97d,success,2024-04-04T18:38:41.886Z,2024-04-04T18:38:41.886Z
660ef3efd3f0dca700f43d1c,6602d6d8b9f866224ef72699,6602d8271667db018ca164dc,CO,2,1712255983,YUMPAG,#0bb97d,success,2024-04-04T18:39:43.821Z,2024-04-04T18:39:43.821Z
660ef42dd3f0dca700f44596,6602d6d8b9f866224ef72699,6602d8271667db018ca164dc,CO,3,1712256045,YUMPAG,#0bb97d,success,2024-04-04T18:40:45.746Z,2024-04-04T18:40:45.746Z
660ef46bd3f0dca700f44e14,6602d6d8b9f866224ef72699,6602d8271667db018ca164dc,CO,2,1712256107,YUMPAG,#0bb97d,success,2024-04-04T18:41:47.692Z,2024-04-04T18:41:47.692Z
660ef4a9d3f0dca700f45706,6602d6d8b9f866224ef72699,6602d8271667db018ca164dc,CO,3,1712256169,YUMPAG,#0bb97d,success,2024-04-04T18:42:49.638Z,2024-04-04T18:42:49.638Z
660ef4e7d3f0dca700f45fef,6602d6d8b9f866224ef72699,6602d8271667db018ca164dc,CO,3,1712256231,YUMPAG,#0bb97d,success,2024-04-04T18:43:51.519Z,2024-04-04T18:43:51.519Z
660ef525d3f0dca700f467e6,6602d6d8b9f866224ef72699,6602d8271667db018ca164dc,CO,4,1712256293,YUMPAG,#0bb97d,success,2024-04-04T18:44:53.451Z,2024-04-04T18:44:53.451Z
660ef563d3f0dca700f46fc2,6602d6d8b9f866224ef72699,6602d8271667db018ca164dc,CO,3,1712256355,YUMPAG,#0bb97d,success,2024-04-04T18:45:55.393Z,2024-04-04T18:45:55.393Z
660ef5a1d3f0dca700f47858,6602d6d8b9f866224ef72699,6602d8271667db018ca164dc,CO,4,1712256417,YUMPAG,#0bb97d,success,2024-04-04T18:46:57.343Z,2024-04-04T18:46:57.343Z
660ef5dfd3f0dca700f4809b,6602d6d8b9f866224ef72699,6602d8271667db018ca164dc,CO,3,1712256479,YUMPAG,#0bb97d,success,2024-04-04T18:47:59.312Z,2024-04-04T18:47:59.312Z
660ef61dd3f0dca700f48891,6602d6d8b9f866224ef72699,6602d8271667db018ca164dc,CO,3,1712256541,YUMPAG,#0bb97d,success,2024-04-04T18:49:01.234Z,2024-04-04T18:49:01.234Z
660ef65bd3f0dca700f4904d,6602d6d8b9f866224ef72699,6602d8271667db018ca164dc,CO,3,1712256603,YUMPAG,#0bb97d,success,2024-04-04T18:50:03.179Z,2024-04-04T18:50:03.179Z
660ef699d3f0dca700f4986a,6602d6d8b9f866224ef72699,6602d8271667db018ca164dc,CO,3,1712256665,YUMPAG,#0bb97d,success,2024-04-04T18:51:05.126Z,2024-04-04T18:51:05.126Z
660ef6d7d3f0dca700f4a0e6,6602d6d8b9f866224ef72699,6602d8271667db018ca164dc,CO,3,1712256727,YUMPAG,#0bb97d,success,2024-04-04T18:52:07.103Z,2024-04-04T18:52:07.103Z
660ef715d3f0dca700f4a968,6602d6d8b9f866224ef72699,6602d8271667db018ca164dc,CO,3,1712256789,YUMPAG,#0bb97d,success,2024-04-04T18:53:09.025Z,2024-04-04T18:53:09.025Z
660ef752d3f0dca700f4b212,6602d6d8b9f866224ef72699,6602d8271667db018ca164dc,CO,3,1712256850,YUMPAG,#0bb97d,success,2024-04-04T18:54:10.987Z,2024-04-04T18:54:10.987Z
660ef790d3f0dca700f4ba81,6602d6d8b9f866224ef72699,6602d8271667db018ca164dc,CO,3,1712256912,YUMPAG,#0bb97d,success,2024-04-04T18:55:12.920Z,2024-04-04T18:55:12.920Z
660ef7ced3f0dca700f4c2d9,6602d6d8b9f866224ef72699,6602d8271667db018ca164dc,CO,3,1712256974,YUMPAG,#0bb97d,success,2024-04-04T18:56:14.870Z,2024-04-04T18:56:14.870Z
660ef80cd3f0dca700f4cb0e,6602d6d8b9f866224ef72699,6602d8271667db018ca164dc,CO,3,1712257036,YUMPAG,#0bb97d,success,2024-04-04T18:57:16.801Z,2024-04-04T18:57:16.801Z
660ef84ad3f0dca700f4d32a,6602d6d8b9f866224ef72699,6602d8271667db018ca164dc,CO,2,1712257098,YUMPAG,#0bb97d,success,2024-04-04T18:58:18.735Z,2024-04-04T18:58:18.735Z
660ef888d3f0dca700f4db68,6602d6d8b9f866224ef72699,6602d8271667db018ca164dc,CO,3,1712257160,YUMPAG,#0bb97d,success,2024-04-04T18:59:20.657Z,2024-04-04T18:59:20.657Z
660ef8c6d3f0dca700f4e3aa,6602d6d8b9f866224ef72699,6602d8271667db018ca164dc,CO,3,1712257222,YUMPAG,#0bb97d,success,2024-04-04T19:00:22.616Z,2024-04-04T19:00:22.616Z
660ef904d3f0dca700f4eb2c,6602d6d8b9f866224ef72699,6602d8271667db018ca164dc,CO,4,1712257284,YUMPAG,#0bb97d,success,2024-04-04T19:01:24.569Z,2024-04-04T19:01:24.569Z
660ef942d3f0dca700f4f346,6602d6d8b9f866224ef72699,6602d8271667db018ca164dc,CO,5,1712257346,YUMPAG,#0bb97d,success,2024-04-04T19:02:26.504Z,2024-04-04T19:02:26.504Z
660ef980d3f0dca700f4fb7f,6602d6d8b9f866224ef72699,6602d8271667db018ca164dc,CO,5,1712257408,YUMPAG,#0bb97d,success,2024-04-04T19:03:28.467Z,2024-04-04T19:03:28.467Z
660ef9bed3f0dca700f5035d,6602d6d8b9f866224ef72699,6602d8271667db018ca164dc,CO,5,1712257470,YUMPAG,#0bb97d,success,2024-04-04T19:04:30.403Z,2024-04-04T19:04:30.403Z
660ef9fcd3f0dca700f50b13,6602d6d8b9f866224ef72699,6602d8271667db018ca164dc,CO,5,1712257532,YUMPAG,#0bb97d,success,2024-04-04T19:05:32.327Z,2024-04-04T19:05:32.327Z
660efa3ad3f0dca700f51356,6602d6d8b9f866224ef72699,6602d8271667db018ca164dc,CO,5,1712257594,YUMPAG,#0bb97d,success,2024-04-04T19:06:34.281Z,2024-04-04T19:06:34.281Z
660efa78d3f0dca700f51b8f,6602d6d8b9f866224ef72699,6602d8271667db018ca164dc,CO,7,1712257656,YUMPAG,#0bb97d,success,2024-04-04T19:07:36.234Z,2024-04-04T19:07:36.234Z
660efab6d3f0dca700f5234c,6602d6d8b9f866224ef72699,6602d8271667db018ca164dc,CO,7,1712257718,YUMPAG,#0bb97d,success,2024-04-04T19:08:38.261Z,2024-04-04T19:08:38.261Z
660efaf4d3f0dca700f52b2e,6602d6d8b9f866224ef72699,6602d8271667db018ca164dc,CO,5,1712257780,YUMPAG,#0bb97d,success,2024-04-04T19:09:40.137Z,2024-04-04T19:09:40.137Z
660efb32d3f0dca700f53364,6602d6d8b9f866224ef72699,6602d8271667db018ca164dc,CO,4,1712257842,YUMPAG,#0bb97d,success,2024-04-04T19:10:42.111Z,2024-04-04T19:10:42.111Z
660efb70d3f0dca700f53b64,6602d6d8b9f866224ef72699,6602d8271667db018ca164dc,CO,4,1712257904,YUMPAG,#0bb97d,success,2024-04-04T19:11:44.001Z,2024-04-04T19:11:44.001Z
660efbadd3f0dca700f54324,6602d6d8b9f866224ef72699,6602d8271667db018ca164dc,CO,4,1712257965,YUMPAG,#0bb97d,success,2024-04-04T19:12:45.955Z,2024-04-04T19:12:45.955Z
660efbebd3f0dca700f54b3a,6602d6d8b9f866224ef72699,6602d8271667db018ca164dc,CO,3,1712258027,YUMPAG,#0bb97d,success,2024-04-04T19:13:47.887Z,2024-04-04T19:13:47.887Z
660efc29d3f0dca700f55379,6602d6d8b9f866224ef72699,6602d8271667db018ca164dc,CO,3,1712258089,YUMPAG,#0bb97d,success,2024-04-04T19:14:49.838Z,2024-04-04T19:14:49.838Z
660efc67d3f0dca700f55b72,6602d6d8b9f866224ef72699,6602d8271667db018ca164dc,CO,4,1712258151,YUMPAG,#0bb97d,success,2024-04-04T19:15:51.772Z,2024-04-04T19:15:51.772Z
660efca5d3f0dca700f5632f,6602d6d8b9f866224ef72699,6602d8271667db018ca164dc,CO,4,1712258213,YUMPAG,#0bb97d,success,2024-04-04T19:16:53.706Z,2024-04-04T19:16:53.706Z
660efce3d3f0dca700f56b42,6602d6d8b9f866224ef72699,6602d8271667db018ca164dc,CO,3,1712258275,YUMPAG,#0bb97d,success,2024-04-04T19:17:55.669Z,2024-04-04T19:17:55.669Z
660efd21d3f0dca700f5736c,6602d6d8b9f866224ef72699,6602d8271667db018ca164dc,CO,4,1712258337,YUMPAG,#0bb97d,success,2024-04-04T19:18:57.619Z,2024-04-04T19:18:57.619Z
660efd5fd3f0dca700f57b66,6602d6d8b9f866224ef72699,6602d8271667db018ca164dc,CO,3,1712258399,YUMPAG,#0bb97d,success,2024-04-04T19:19:59.554Z,2024-04-04T19:19:59.554Z
660efd9dd3f0dca700f5831f,6602d6d8b9f866224ef72699,6602d8271667db018ca164dc,CO,3,1712258461,YUMPAG,#0bb97d,success,2024-04-04T19:21:01.492Z,2024-04-04T19:21:01.492Z
